-- phpMyAdmin SQL Dump
-- version 5.2.0
-- https://www.phpmyadmin.net/
--
-- Host: 127.0.0.1
-- Generation Time: Apr 06, 2023 at 02:48 AM
-- Server version: 10.4.24-MariaDB
-- PHP Version: 8.1.6

SET SQL_MODE = "NO_AUTO_VALUE_ON_ZERO";
START TRANSACTION;
SET time_zone = "+00:00";


/*!40101 SET @OLD_CHARACTER_SET_CLIENT=@@CHARACTER_SET_CLIENT */;
/*!40101 SET @OLD_CHARACTER_SET_RESULTS=@@CHARACTER_SET_RESULTS */;
/*!40101 SET @OLD_COLLATION_CONNECTION=@@COLLATION_CONNECTION */;
/*!40101 SET NAMES utf8mb4 */;

--
-- Database: `spp`
--

-- --------------------------------------------------------

--
-- Table structure for table `kelas`
--

CREATE TABLE `kelas` (
  `id_kelas` int(11) NOT NULL,
  `id_spp` int(11) NOT NULL,
  `kelas` varchar(50) NOT NULL,
  `jurusan` varchar(50) NOT NULL,
  `jenis_kelas` enum('regular','laptop') DEFAULT NULL,
  `angkatan` year(4) NOT NULL
) ENGINE=InnoDB DEFAULT CHARSET=utf8mb4;

--
-- Dumping data for table `kelas`
--

INSERT INTO `kelas` (`id_kelas`, `id_spp`, `kelas`, `jurusan`, `jenis_kelas`, `angkatan`) VALUES
(1, 1, 'RPL 2', 'Rekayasa Perangkat Lunak', 'regular', 2020),
(3, 2, 'RPL 1', 'Rekayasa Perangkat Lunak', 'laptop', 2020),
(4, 4, 'RPL 3', 'Rekayasa Perangkat Lunak', 'regular', 2021),
(10, 4, 'RPL 2', 'Rekayasa Perangkat Lunak', 'regular', 2021),
(11, 2, 'MM 1', 'Multimedia', 'laptop', 2020),
(12, 1, 'MM 2', 'Multimedia', 'regular', 2020),
(13, 1, 'MM 3', 'Multimedia', 'regular', 2020),
(17, 1, 'TKJ 1', 'Teknik Komputer Jaringan', 'regular', 2020),
(20, 1, 'RPL 3', 'Rekayasa Perangkat Lunak', 'regular', 2020);

-- --------------------------------------------------------

--
-- Table structure for table `pembayaran`
--

CREATE TABLE `pembayaran` (
  `id_pembayaran` int(11) NOT NULL,
  `id_petugas` int(11) DEFAULT NULL,
  `nis` int(11) NOT NULL,
  `tanggal_pembayaran` date NOT NULL,
  `tahun` year(4) NOT NULL,
  `bulan` int(11) NOT NULL,
  `nominal` int(11) NOT NULL
) ENGINE=InnoDB DEFAULT CHARSET=utf8mb4;

--
-- Dumping data for table `pembayaran`
--

INSERT INTO `pembayaran` (`id_pembayaran`, `id_petugas`, `nis`, `tanggal_pembayaran`, `tahun`, `bulan`, `nominal`) VALUES
(1, NULL, 5372, '2023-01-25', 2020, 8, 650000),
(4, NULL, 5372, '2023-02-01', 2022, 8, 650000),
(5, NULL, 5372, '2023-01-25', 2020, 7, 650000),
(6, NULL, 5372, '2023-01-25', 2020, 9, 650000),
(7, NULL, 5372, '2023-01-25', 2020, 10, 650000),
(8, NULL, 5372, '2023-01-25', 2020, 11, 650000),
(24, NULL, 5372, '2023-02-12', 2022, 9, 650000),
(34, NULL, 5372, '2023-02-12', 2021, 7, 650000),
(40, NULL, 5372, '2023-02-12', 2021, 8, 650000),
(41, NULL, 5372, '2023-02-12', 2021, 9, 650000),
(42, NULL, 5372, '2023-02-12', 2021, 10, 650000),
(43, NULL, 5372, '2023-02-12', 2021, 11, 650000),
(45, NULL, 5372, '2023-02-12', 2021, 2, 650000),
(46, NULL, 5372, '2023-02-12', 2021, 3, 650000),
(47, NULL, 5372, '2023-02-12', 2021, 4, 650000),
(48, NULL, 5372, '2023-02-12', 2021, 5, 650000),
(49, NULL, 5372, '2023-02-12', 2021, 6, 650000),
(50, NULL, 5372, '2023-02-12', 2022, 7, 650000),
(53, NULL, 5372, '2023-02-12', 2021, 12, 650000),
(57, NULL, 5372, '2023-02-12', 2022, 10, 650000),
(58, NULL, 5372, '2023-02-12', 2022, 11, 650000),
(63, NULL, 5364, '2023-02-12', 2021, 7, 650000),
(66, NULL, 5364, '2023-02-12', 2021, 8, 650000),
(67, NULL, 5364, '2023-02-12', 2021, 9, 650000),
(68, NULL, 5364, '2023-02-12', 2021, 10, 650000),
(69, NULL, 5364, '2023-02-12', 2021, 11, 650000),
(70, NULL, 5364, '2023-02-12', 2021, 12, 650000),
(71, NULL, 5364, '2023-02-12', 2022, 1, 650000),
(74, NULL, 5364, '2023-02-12', 2022, 4, 650000),
(75, NULL, 5364, '2023-02-12', 2022, 5, 650000),
(76, NULL, 5364, '2023-02-12', 2022, 6, 650000),
(90, NULL, 5363, '2023-02-12', 2020, 9, 650000),
(91, NULL, 5363, '2023-02-12', 2020, 10, 650000),
(92, NULL, 5363, '2023-02-12', 2020, 11, 650000),
(93, NULL, 5363, '2023-02-12', 2020, 12, 650000),
(97, NULL, 5363, '2023-02-12', 2020, 8, 650000),
(99, NULL, 5363, '2023-02-12', 2020, 7, 650000),
(100, NULL, 5363, '2023-02-12', 2021, 1, 650000),
(101, NULL, 5363, '2023-02-12', 2021, 2, 650000),
(102, NULL, 5363, '2023-02-12', 2021, 3, 650000),
(103, NULL, 5363, '2023-02-12', 2021, 4, 650000),
(104, NULL, 5363, '2023-02-12', 2021, 5, 650000),
(105, NULL, 5363, '2023-02-12', 2021, 6, 650000),
(108, NULL, 5363, '2023-02-12', 2021, 7, 650000),
(109, NULL, 5363, '2023-02-12', 2021, 8, 650000),
(110, NULL, 5363, '2023-02-12', 2021, 9, 650000),
(111, NULL, 5363, '2023-02-12', 2021, 10, 650000),
(112, NULL, 5363, '2023-02-12', 2021, 11, 650000),
(113, NULL, 5363, '2023-02-12', 2021, 12, 650000),
(114, NULL, 5379, '2023-02-12', 2020, 7, 650000),
(115, NULL, 5379, '2023-02-12', 2020, 8, 650000),
(116, NULL, 5379, '2023-02-12', 2020, 9, 650000),
(117, NULL, 5379, '2023-02-12', 2020, 10, 650000),
(118, NULL, 5379, '2023-02-12', 2020, 11, 650000),
(119, NULL, 5379, '2023-02-12', 2020, 12, 650000),
(120, NULL, 5379, '2023-02-12', 2021, 1, 650000),
(122, NULL, 5379, '2023-02-12', 2021, 2, 650000),
(123, NULL, 5379, '2023-02-12', 2021, 3, 650000),
(124, NULL, 5379, '2023-02-12', 2021, 4, 650000),
(125, NULL, 5379, '2023-02-12', 2021, 5, 650000),
(130, NULL, 5364, '2023-02-12', 2022, 7, 650000),
(131, NULL, 5364, '2023-02-12', 2022, 8, 650000),
(135, NULL, 5364, '2023-02-12', 2022, 9, 650000),
(136, NULL, 5364, '2023-02-12', 2022, 10, 650000),
(137, NULL, 5364, '2023-02-12', 2022, 11, 650000),
(156, NULL, 5364, '2023-02-12', 2022, 3, 650000),
(161, NULL, 5364, '2023-02-12', 2022, 2, 650000),
(164, NULL, 5364, '2023-02-12', 2022, 12, 650000),
(170, NULL, 5379, '2023-02-12', 2021, 6, 650000),
(171, NULL, 5379, '2023-02-12', 2021, 7, 650000),
(172, NULL, 5379, '2023-02-12', 2021, 8, 650000),
(173, NULL, 5379, '2023-02-12', 2021, 9, 650000),
(174, NULL, 5379, '2023-02-12', 2021, 10, 650000),
(175, NULL, 5379, '2023-02-12', 2021, 11, 650000),
(206, NULL, 5379, '2023-02-12', 2021, 12, 650000),
(207, NULL, 5379, '2023-02-12', 2022, 1, 650000),
(208, NULL, 5379, '2023-02-12', 2022, 2, 650000),
(209, NULL, 5379, '2023-02-12', 2022, 3, 650000),
(210, NULL, 5379, '2023-02-12', 2022, 4, 650000),
(211, NULL, 5379, '2023-02-12', 2022, 5, 650000),
(212, NULL, 5379, '2023-02-12', 2022, 6, 650000),
(213, NULL, 5379, '2023-02-12', 2022, 7, 650000),
(214, NULL, 5379, '2023-02-12', 2022, 8, 650000),
(215, NULL, 5379, '2023-02-12', 2022, 9, 650000),
(216, NULL, 5379, '2023-02-12', 2022, 10, 650000),
(217, NULL, 5379, '2023-02-12', 2022, 11, 650000),
(218, NULL, 5379, '2023-02-12', 2022, 12, 650000),
(222, NULL, 5363, '2023-02-12', 2022, 1, 650000),
(223, NULL, 5363, '2023-02-12', 2022, 2, 650000),
(224, NULL, 5363, '2023-02-12', 2022, 3, 650000),
(225, NULL, 5363, '2023-02-12', 2022, 4, 650000),
(226, NULL, 5363, '2023-02-12', 2022, 5, 650000),
(227, NULL, 5363, '2023-02-12', 2022, 6, 650000),
(228, NULL, 5363, '2023-02-12', 2022, 7, 650000),
(229, NULL, 5363, '2023-02-12', 2022, 8, 650000),
(230, NULL, 5363, '2023-02-12', 2022, 9, 650000),
(231, NULL, 5363, '2023-02-12', 2022, 10, 650000),
(232, NULL, 5363, '2023-02-12', 2022, 11, 650000),
(233, NULL, 5363, '2023-02-12', 2022, 12, 650000),
(234, NULL, 5363, '2023-02-12', 2023, 1, 650000),
(235, 2, 5372, '2023-02-12', 2022, 1, 650000),
(236, 2, 5372, '2023-02-12', 2022, 2, 650000),
(237, 2, 5372, '2023-02-12', 2022, 3, 650000),
(238, 2, 5372, '2023-02-12', 2022, 4, 650000),
(240, 2, 5372, '2023-02-12', 2022, 5, 650000),
(241, 2, 5372, '2023-02-12', 2022, 6, 650000),
(318, 2, 5364, '2023-02-13', 2023, 1, 650000),
(347, 2, 5372, '2023-02-14', 2022, 12, 650000),
(351, 2, 5372, '2023-02-14', 2020, 12, 650000),
(358, 2, 5372, '2023-02-15', 2023, 1, 650000),
(363, 2, 5373, '2023-02-17', 2020, 7, 650000),
(364, 2, 5373, '2023-02-17', 2020, 8, 650000),
(365, 2, 5373, '2023-02-17', 2020, 9, 650000),
(366, 2, 5373, '2023-02-17', 2020, 10, 650000),
(367, 2, 5373, '2023-02-17', 2020, 11, 650000),
(368, 2, 5373, '2023-02-17', 2020, 12, 650000),
(369, 2, 5373, '2023-02-17', 2021, 1, 650000),
(370, 2, 5373, '2023-02-17', 2021, 2, 650000),
(371, 2, 5373, '2023-02-17', 2021, 3, 650000),
(372, 2, 5373, '2023-02-17', 2021, 4, 650000),
(373, 2, 5373, '2023-02-17', 2021, 5, 650000),
(374, 2, 5373, '2023-02-17', 2021, 6, 650000),
(375, 2, 5373, '2023-02-17', 2021, 7, 650000),
(376, 2, 5373, '2023-02-17', 2021, 8, 650000),
(377, 2, 5373, '2023-02-17', 2021, 9, 650000),
(378, 2, 5373, '2023-02-17', 2021, 10, 650000),
(379, 2, 5373, '2023-02-17', 2021, 11, 650000),
(380, 2, 5373, '2023-02-17', 2021, 12, 650000),
(381, 2, 5373, '2023-02-17', 2022, 1, 650000),
(382, 2, 5373, '2023-02-17', 2022, 2, 650000),
(383, 2, 5373, '2023-02-17', 2022, 3, 650000),
(384, 2, 5373, '2023-02-17', 2022, 4, 650000),
(385, 2, 5373, '2023-02-17', 2022, 5, 650000),
(386, 2, 5373, '2023-02-17', 2022, 6, 650000),
(387, 2, 5373, '2023-02-17', 2022, 7, 650000),
(388, 2, 5373, '2023-02-17', 2022, 8, 650000),
(389, 2, 5373, '2023-02-17', 2022, 9, 650000),
(390, 2, 5373, '2023-02-17', 2022, 10, 650000),
(391, 2, 5373, '2023-02-17', 2022, 11, 650000),
(392, 2, 5373, '2023-02-17', 2022, 12, 650000),
(393, 2, 5373, '2023-02-17', 2023, 1, 650000),
(399, 2, 5379, '2023-02-18', 2023, 1, 650000),
(400, 2, 5379, '2023-02-18', 2023, 2, 650000),
(402, 2, 5372, '2023-02-18', 2021, 1, 650000),
(405, 2, 5330, '2023-02-18', 2020, 7, 700000),
(406, 2, 5330, '2023-02-18', 2020, 8, 700000),
(407, 2, 5330, '2023-02-18', 2020, 9, 700000),
(408, 2, 5330, '2023-02-18', 2020, 10, 700000),
(409, 2, 5330, '2023-02-18', 2020, 11, 700000),
(410, 2, 5330, '2023-02-18', 2020, 12, 700000),
(411, 2, 5330, '2023-02-18', 2021, 1, 700000),
(412, 2, 5330, '2023-02-18', 2021, 2, 700000),
(413, 2, 5330, '2023-02-18', 2021, 3, 700000),
(414, 2, 5330, '2023-02-18', 2021, 4, 700000),
(415, 2, 5330, '2023-02-18', 2021, 5, 700000),
(416, 2, 5330, '2023-02-18', 2021, 6, 700000),
(417, 2, 5330, '2023-02-18', 2021, 7, 700000),
(418, 2, 5330, '2023-02-18', 2021, 8, 700000),
(419, 2, 5330, '2023-02-18', 2021, 9, 700000),
(420, 2, 5330, '2023-02-18', 2021, 10, 700000),
(421, 2, 5330, '2023-02-18', 2021, 11, 700000),
(422, 2, 5330, '2023-02-18', 2021, 12, 700000),
(423, 2, 5330, '2023-02-18', 2022, 1, 700000),
(424, 2, 5330, '2023-02-18', 2022, 2, 700000),
(425, 2, 5330, '2023-02-18', 2022, 3, 700000),
(426, 2, 5330, '2023-02-18', 2022, 4, 700000),
(427, 2, 5330, '2023-02-18', 2022, 5, 700000),
(428, 2, 5330, '2023-02-18', 2022, 6, 700000),
(429, 2, 5330, '2023-02-18', 2022, 7, 700000),
(430, 2, 5330, '2023-02-18', 2022, 8, 700000),
(431, 2, 5330, '2023-02-18', 2022, 9, 700000),
(432, 2, 5330, '2023-02-18', 2022, 10, 700000),
(433, 2, 5330, '2023-02-18', 2022, 11, 700000),
(434, 2, 5330, '2023-02-18', 2022, 12, 700000),
(435, 2, 5330, '2023-02-18', 2023, 1, 700000),
(436, 2, 5330, '2023-02-18', 2023, 2, 700000),
(437, 2, 5330, '2023-02-18', 2023, 3, 700000),
(438, 2, 5330, '2023-02-18', 2023, 4, 700000),
(439, 2, 5330, '2023-02-18', 2023, 5, 700000),
(440, 2, 5330, '2023-02-18', 2023, 6, 700000),
(441, 2, 5363, '2023-02-18', 2023, 2, 650000),
(442, 2, 5364, '2023-02-18', 2023, 2, 650000),
(443, 2, 5373, '2023-02-18', 2023, 2, 650000),
(447, 2, 5372, '2023-02-20', 2023, 2, 650000),
(450, 2, 5364, '2023-02-21', 2023, 3, 650000),
(451, 2, 5372, '2023-02-23', 2023, 3, 650000),
(452, 2, 5372, '2023-02-23', 2023, 4, 650000),
(453, 2, 5372, '2023-02-23', 2023, 5, 650000),
(483, 2, 5372, '2023-02-23', 2023, 6, 650000),
(484, 2, 5364, '2023-02-23', 2023, 4, 650000),
(485, 2, 5363, '2023-02-23', 2023, 3, 650000),
(486, 2, 5363, '2023-02-23', 2023, 4, 650000),
(487, 2, 5379, '2023-02-23', 2023, 3, 650000),
(488, 2, 5379, '2023-02-23', 2023, 4, 650000),
(489, 2, 5364, '2023-02-24', 2023, 5, 650000),
(491, 2, 5373, '2023-02-24', 2023, 3, 650000),
(492, 2, 5364, '2023-02-24', 2020, 7, 650000),
(493, 2, 5364, '2023-02-24', 2020, 8, 650000),
(494, 2, 5364, '2023-02-24', 2020, 9, 650000),
(495, 2, 5364, '2023-02-24', 2020, 10, 650000),
(496, 2, 5364, '2023-02-24', 2020, 11, 650000),
(497, 2, 5364, '2023-02-24', 2020, 12, 650000),
(498, 2, 5364, '2023-02-24', 2021, 1, 650000),
(499, 2, 5364, '2023-02-24', 2021, 2, 650000),
(500, 2, 5364, '2023-02-24', 2021, 3, 650000),
(501, 2, 5364, '2023-02-24', 2021, 4, 650000),
(502, 2, 5364, '2023-02-24', 2021, 5, 650000),
(503, 2, 5364, '2023-02-24', 2021, 6, 650000),
(504, 2, 5440, '2023-02-24', 2020, 7, 700000),
(505, 2, 5440, '2023-02-24', 2020, 8, 700000),
(506, 2, 5440, '2023-02-24', 2020, 9, 700000),
(507, 2, 5440, '2023-02-24', 2020, 10, 700000),
(508, 2, 5440, '2023-02-24', 2020, 11, 700000),
(509, 2, 5440, '2023-02-24', 2020, 12, 700000),
(510, 2, 5440, '2023-02-24', 2021, 1, 700000),
(511, 2, 5440, '2023-02-24', 2021, 2, 700000),
(512, 2, 5440, '2023-02-24', 2021, 3, 700000),
(513, 2, 5440, '2023-02-24', 2021, 4, 700000),
(514, 2, 5440, '2023-02-24', 2021, 5, 700000),
(515, 2, 5440, '2023-02-24', 2021, 6, 700000),
(516, 2, 5440, '2023-02-24', 2021, 7, 700000),
(517, 2, 5440, '2023-02-24', 2021, 8, 700000),
(518, 2, 5440, '2023-02-24', 2021, 9, 700000),
(519, 2, 5440, '2023-02-24', 2021, 10, 700000),
(520, 2, 5440, '2023-02-24', 2021, 11, 700000),
(521, 2, 5440, '2023-02-24', 2021, 12, 700000),
(522, 2, 5440, '2023-02-24', 2022, 1, 700000),
(523, 2, 5440, '2023-02-24', 2022, 2, 700000),
(524, 2, 5440, '2023-02-24', 2022, 3, 700000),
(525, 2, 5440, '2023-02-24', 2022, 4, 700000),
(526, 2, 5440, '2023-02-24', 2022, 5, 700000),
(527, 2, 5440, '2023-02-24', 2022, 6, 700000),
(528, 2, 5440, '2023-02-24', 2022, 7, 700000),
(529, 2, 5440, '2023-02-24', 2022, 8, 700000),
(530, 2, 5440, '2023-02-24', 2022, 9, 700000),
(531, 2, 5440, '2023-02-24', 2022, 10, 700000),
(532, 2, 5440, '2023-02-24', 2022, 11, 700000),
(533, 2, 5440, '2023-02-24', 2022, 12, 700000),
(534, 2, 5440, '2023-02-24', 2023, 1, 700000),
(535, 2, 5440, '2023-02-24', 2023, 2, 700000),
(536, 2, 5345, '2023-02-24', 2020, 7, 700000),
(537, 2, 5345, '2023-02-24', 2020, 8, 700000),
(538, 2, 5345, '2023-02-24', 2020, 9, 700000),
(539, 2, 5345, '2023-02-24', 2020, 10, 700000),
(540, 2, 5345, '2023-02-24', 2020, 11, 700000),
(541, 2, 5345, '2023-02-24', 2020, 12, 700000),
(542, 2, 5345, '2023-02-24', 2021, 1, 700000),
(543, 2, 5345, '2023-02-24', 2021, 2, 700000),
(544, 2, 5345, '2023-02-24', 2021, 3, 700000),
(545, 2, 5345, '2023-02-24', 2021, 4, 700000),
(546, 2, 5345, '2023-02-24', 2021, 5, 700000),
(547, 2, 5345, '2023-02-24', 2021, 6, 700000),
(548, 2, 5345, '2023-02-24', 2021, 7, 700000),
(549, 2, 5345, '2023-02-24', 2021, 8, 700000),
(550, 2, 5345, '2023-02-24', 2021, 9, 700000),
(551, 2, 5345, '2023-02-24', 2021, 10, 700000),
(552, 2, 5345, '2023-02-24', 2021, 11, 700000),
(553, 2, 5345, '2023-02-24', 2021, 12, 700000),
(554, 2, 5345, '2023-02-24', 2022, 1, 700000),
(555, 2, 5345, '2023-02-24', 2022, 2, 700000),
(556, 2, 5345, '2023-02-24', 2022, 3, 700000),
(557, 2, 5345, '2023-02-24', 2022, 4, 700000),
(558, 2, 5345, '2023-02-24', 2022, 5, 700000),
(559, 2, 5345, '2023-02-24', 2022, 6, 700000),
(560, 2, 5345, '2023-02-24', 2022, 7, 700000),
(561, 2, 5345, '2023-02-24', 2022, 8, 700000),
(562, 2, 5345, '2023-02-24', 2022, 9, 700000),
(563, 2, 5345, '2023-02-24', 2022, 10, 700000),
(564, 2, 5345, '2023-02-24', 2022, 11, 700000),
(565, 2, 5345, '2023-02-24', 2022, 12, 700000),
(566, 2, 5345, '2023-02-24', 2023, 1, 700000),
(567, 2, 5430, '2023-02-24', 2020, 7, 700000),
(568, 2, 5430, '2023-02-24', 2020, 8, 700000),
(569, 2, 5430, '2023-02-24', 2020, 9, 700000),
(570, 2, 5430, '2023-02-24', 2020, 10, 700000),
(571, 2, 5430, '2023-02-24', 2020, 11, 700000),
(572, 2, 5430, '2023-02-24', 2020, 12, 700000),
(573, 2, 5430, '2023-02-24', 2021, 1, 700000),
(574, 2, 5430, '2023-02-24', 2021, 2, 700000),
(575, 2, 5430, '2023-02-24', 2021, 3, 700000),
(576, 2, 5430, '2023-02-24', 2021, 4, 700000),
(577, 2, 5430, '2023-02-24', 2021, 5, 700000),
(578, 2, 5430, '2023-02-24', 2021, 6, 700000),
(579, 2, 5430, '2023-02-24', 2021, 7, 700000),
(580, 2, 5430, '2023-02-24', 2021, 8, 700000),
(581, 2, 5430, '2023-02-24', 2021, 9, 700000),
(582, 2, 5430, '2023-02-24', 2021, 10, 700000),
(583, 2, 5430, '2023-02-24', 2021, 11, 700000),
(584, 2, 5430, '2023-02-24', 2021, 12, 700000),
(585, 2, 5430, '2023-02-24', 2022, 1, 700000),
(586, 2, 5430, '2023-02-24', 2022, 2, 700000),
(587, 2, 5430, '2023-02-24', 2022, 3, 700000),
(588, 2, 5430, '2023-02-24', 2022, 4, 700000),
(589, 2, 5430, '2023-02-24', 2022, 5, 700000),
(590, 2, 5430, '2023-02-24', 2022, 6, 700000),
(591, 2, 5430, '2023-02-24', 2022, 7, 700000),
(592, 2, 5430, '2023-02-24', 2022, 8, 700000),
(593, 2, 5430, '2023-02-24', 2022, 9, 700000),
(594, 2, 5430, '2023-02-24', 2022, 10, 700000),
(595, 2, 5430, '2023-02-24', 2022, 11, 700000),
(596, 2, 5430, '2023-02-24', 2022, 12, 700000),
(597, 2, 5430, '2023-02-24', 2023, 1, 700000),
(619, 2, 5363, '2023-02-26', 2023, 5, 650000),
(620, 2, 5430, '2023-02-27', 2023, 2, 700000),
(623, 2, 5440, '2023-03-06', 2023, 6, 700000),
(624, 2, 5345, '2023-03-06', 2023, 6, 700000),
(625, 2, 5320, '2023-03-08', 2020, 7, 650000),
(626, 2, 5320, '2023-03-08', 2020, 8, 650000),
(627, 2, 5231, '2023-03-12', 2021, 7, 700000),
(628, 2, 5231, '2023-03-12', 2021, 8, 700000),
(629, 2, 5231, '2023-03-13', 2021, 9, 700000),
(630, 2, 5231, '2023-03-13', 2021, 10, 700000),
(631, 2, 5320, '2023-03-13', 2020, 9, 650000),
(632, 2, 5320, '2023-03-13', 2020, 10, 650000),
(633, 2, 5363, '2023-03-13', 2023, 6, 650000),
(634, 2, 5231, '2023-03-31', 2023, 1, 700000),
(635, 2, 5231, '2023-03-31', 2023, 2, 700000),
(636, 2, 5231, '2023-03-31', 2023, 3, 700000),
(637, 2, 5320, '2023-03-31', 2023, 1, 650000),
(638, 2, 5320, '2023-03-31', 2023, 2, 650000);

-- --------------------------------------------------------

--
-- Table structure for table `petugas`
--

CREATE TABLE `petugas` (
  `id_petugas` int(11) NOT NULL,
  `username` varchar(200) NOT NULL,
  `password` varchar(255) NOT NULL,
  `level_user` enum('petugas','admin') NOT NULL
) ENGINE=InnoDB DEFAULT CHARSET=utf8mb4;

--
-- Dumping data for table `petugas`
--

INSERT INTO `petugas` (`id_petugas`, `username`, `password`, `level_user`) VALUES
(2, 'admin', '$2y$10$c7rh13DbBDngFgF2GfIqj.3kGtkaUOnNizIZKlPHElntOKlZdKKKC', 'admin'),
(5, 'Petugas', '$2y$10$Zp1im.ssvChS/RjHvHIyGeU7hGY9Lw1wBCho/eFV4A.xTsVxz1og6', 'petugas');

-- --------------------------------------------------------

--
-- Table structure for table `siswa`
--

CREATE TABLE `siswa` (
  `nis` int(11) NOT NULL,
  `nisn` int(11) NOT NULL,
  `nama` varchar(100) NOT NULL,
  `email` varchar(200) NOT NULL,
  `password` varchar(255) NOT NULL,
  `id_kelas` int(11) NOT NULL,
  `agama` enum('Hindu','Islam','Kristen Protestan','Kristen Katolik','Konghucu','Buddha') DEFAULT NULL,
  `jk` enum('Laki-Laki','Perempuan') NOT NULL,
  `no_telp` varchar(20) NOT NULL,
  `alamat` varchar(150) NOT NULL
) ENGINE=InnoDB DEFAULT CHARSET=utf8mb4;

--
-- Dumping data for table `siswa`
--

INSERT INTO `siswa` (`nis`, `nisn`, `nama`, `email`, `password`, `id_kelas`, `agama`, `jk`, `no_telp`, `alamat`) VALUES
(5231, 82321333, 'Rangga', 'rangga@gmail.com', 'smktibaliglobal', 10, 'Hindu', 'Laki-Laki', '8233123356', 'Jalan Tukad Pakerisan'),
(5320, 53277233, 'I Komang Gede', 'komanggede@outlook.com', 'smktibaliglobal', 20, 'Hindu', 'Laki-Laki', '812333390212', 'Jalan huh'),
(5330, 5330, 'Mahayana', 'maha@gmail.com', 'smktibaliglobal', 11, 'Hindu', 'Laki-Laki', '81237026310', 'Sesetan'),
(5345, 53435232, 'Matthew John', 'mat@gmail.com', 'smktibaliglobal', 11, 'Kristen Protestan', 'Laki-Laki', '8123213132', 'Jn'),
(5363, 5363, 'I Made Adi Adriana', 'adriana@gmail.com', '$2y$10$888fnGCPVb.dbXVlYQaqdeiDEvGac.nMVCUHO1tRuQU9tQ1IsQkFC', 1, 'Hindu', 'Laki-Laki', '8123736625', 'Kecubung'),
(5364, 5364123, 'I Made Aditya', 'mdaditya@gmail.com', '$2y$10$ZolDP4KTdan1mrOOphfbGudvnpS3TjgxJgmNFr7M818UvHaEgRzWe', 1, 'Hindu', 'Laki-Laki', '837332634', 'Jalan Gunung gede'),
(5372, 513723213, 'Jovian Nanda Sismawan', 'jovian@gmail.com', '$2y$10$ZBBN9XsfBZpXXQtv3skFAOqZdLdpho/TSSzRepRHF1eEJteZyt0ry', 1, 'Hindu', 'Laki-Laki', '081237366256', 'Jalan'),
(5373, 5373, 'Kadek Krisna', 'kdkrisna@gmail.com', 'smktibaliglboal', 1, 'Hindu', 'Laki-Laki', '8872451232', 'Sanur'),
(5379, 537901234, 'Ni Wayan Eka Jayaningtirta', 'jayaningtirta@gmail.com', '$2y$10$888fnGCPVb.dbXVlYQaqdeiDEvGac.nMVCUHO1tRuQU9tQ1IsQkFC', 1, 'Hindu', 'Perempuan', '081338761140', 'Jln Betngandang Sanur'),
(5430, 5430233, 'Lanang Surya', 'lanang@gmail.com', 'smktibaliglobal', 11, 'Hindu', 'Laki-Laki', '882732133', 'Jlan'),
(5440, 8293213, 'Agus Putra', 'agus@gmai.com', 'smktibaliglobal', 11, 'Hindu', 'Laki-Laki', '89823123', 'Jalan Arim'),
(5720, 87231233, 'Andika', 'dika@gmail.com', 'smktibaliglobal', 17, 'Hindu', 'Laki-Laki', '823931233', 'Jalan Tukad Barito');

-- --------------------------------------------------------

--
-- Table structure for table `spp`
--

CREATE TABLE `spp` (
  `id_spp` int(11) NOT NULL,
  `harga_spp` int(11) NOT NULL,
  `jenis_kelas` enum('regular','laptop') NOT NULL,
  `tahun_angkatan` year(4) NOT NULL
) ENGINE=InnoDB DEFAULT CHARSET=utf8mb4;

--
-- Dumping data for table `spp`
--

INSERT INTO `spp` (`id_spp`, `harga_spp`, `jenis_kelas`, `tahun_angkatan`) VALUES
(1, 650000, 'regular', 2020),
(2, 700000, 'laptop', 2020),
(3, 750000, 'laptop', 2021),
(4, 700000, 'regular', 2021);

--
-- Indexes for dumped tables
--

--
-- Indexes for table `kelas`
--
ALTER TABLE `kelas`
  ADD PRIMARY KEY (`id_kelas`),
  ADD KEY `id_spp` (`id_spp`);

--
-- Indexes for table `pembayaran`
--
ALTER TABLE `pembayaran`
  ADD PRIMARY KEY (`id_pembayaran`),
  ADD KEY `nis` (`nis`),
  ADD KEY `id_petugas` (`id_petugas`);

--
-- Indexes for table `petugas`
--
ALTER TABLE `petugas`
  ADD PRIMARY KEY (`id_petugas`);

--
-- Indexes for table `siswa`
--
ALTER TABLE `siswa`
  ADD PRIMARY KEY (`nis`),
  ADD UNIQUE KEY `nisn` (`nisn`),
  ADD KEY `id_kelas` (`id_kelas`);

--
-- Indexes for table `spp`
--
ALTER TABLE `spp`
  ADD PRIMARY KEY (`id_spp`);

--
-- AUTO_INCREMENT for dumped tables
--

--
-- AUTO_INCREMENT for table `kelas`
--
ALTER TABLE `kelas`
  MODIFY `id_kelas` int(11) NOT NULL AUTO_INCREMENT, AUTO_INCREMENT=21;

--
-- AUTO_INCREMENT for table `pembayaran`
--
ALTER TABLE `pembayaran`
  MODIFY `id_pembayaran` int(11) NOT NULL AUTO_INCREMENT, AUTO_INCREMENT=639;

--
-- AUTO_INCREMENT for table `petugas`
--
ALTER TABLE `petugas`
  MODIFY `id_petugas` int(11) NOT NULL AUTO_INCREMENT, AUTO_INCREMENT=7;

--
-- AUTO_INCREMENT for table `spp`
--
ALTER TABLE `spp`
  MODIFY `id_spp` int(11) NOT NULL AUTO_INCREMENT, AUTO_INCREMENT=7;

--
-- Constraints for dumped tables
--

--
-- Constraints for table `kelas`
--
ALTER TABLE `kelas`
  ADD CONSTRAINT `fk_idspp` FOREIGN KEY (`id_spp`) REFERENCES `spp` (`id_spp`) ON DELETE NO ACTION ON UPDATE NO ACTION;

--
-- Constraints for table `pembayaran`
--
ALTER TABLE `pembayaran`
  ADD CONSTRAINT `fk_nis` FOREIGN KEY (`nis`) REFERENCES `siswa` (`nis`) ON DELETE CASCADE ON UPDATE CASCADE,
  ADD CONSTRAINT `fk_petugas` FOREIGN KEY (`id_petugas`) REFERENCES `petugas` (`id_petugas`) ON DELETE SET NULL ON UPDATE SET NULL;

--
-- Constraints for table `siswa`
--
ALTER TABLE `siswa`
  ADD CONSTRAINT `fk_kelas_siswa` FOREIGN KEY (`id_kelas`) REFERENCES `kelas` (`id_kelas`) ON DELETE NO ACTION ON UPDATE NO ACTION;
COMMIT;

/*!40101 SET CHARACTER_SET_CLIENT=@OLD_CHARACTER_SET_CLIENT */;
/*!40101 SET CHARACTER_SET_RESULTS=@OLD_CHARACTER_SET_RESULTS */;
/*!40101 SET COLLATION_CONNECTION=@OLD_COLLATION_CONNECTION */;
